timestamp,images,description
Tue Apr 02 2024 15:42:29 GMT+0100 (British Summer Time),"https://images-eu.ssl-images-amazon.com/images/I/81wGh52eiqL._AC_UL900_SR900,600_.jpg",Fruit of the Loom Men's Heavy T-Shirt Pack of 5
Tue Apr 02 2024 15:42:29 GMT+0100 (British Summer Time),"https://images-eu.ssl-images-amazon.com/images/I/51bLlWX8gqL._AC_UL900_SR900,600_.jpg",Fruit of the Loom Men's Original T. T-Shirt (Pack of 5)
Tue Apr 02 2024 15:42:29 GMT+0100 (British Summer Time),"https://images-eu.ssl-images-amazon.com/images/I/61W1mDC0AAL._AC_UL900_SR900,600_.jpg",Fruit of the Loom Men's Heavy T-Shirt Pack of 3
Tue Apr 02 2024 15:42:29 GMT+0100 (British Summer Time),"https://images-eu.ssl-images-amazon.com/images/I/71e0L11cBKL._AC_UL900_SR900,600_.jpg",Charles Wilson 5 Pack Plain Crew Neck T-Shirt
Tue Apr 02 2024 15:42:29 GMT+0100 (British Summer Time),"https://images-eu.ssl-images-amazon.com/images/I/51bMJa93CqL._AC_UL900_SR900,600_.jpg","FRUIT OF THE LOOM Mens Valueweight Crew Neck, Short Sleeve T-Shirt, not V Neck."
Tue Apr 02 2024 15:42:29 GMT+0100 (British Summer Time),"https://images-eu.ssl-images-amazon.com/images/I/71An6s8t3GL._AC_UL900_SR900,600_.jpg","Levi's Original Short-Sleeved Housemark T-Shirt, Men's T-Shirt in Original Levi's Quality, Regular Fit with Crew Neck"
Tue Apr 02 2024 15:42:29 GMT+0100 (British Summer Time),"https://images-eu.ssl-images-amazon.com/images/I/71cT1D0zwiS._AC_UL900_SR900,600_.jpg","Urban Classics Men's Tall Tee Oversized Short Sleeves T-Shirt with Dropped Shoulders, 100% Jersey Cotton"
Tue Apr 02 2024 15:42:29 GMT+0100 (British Summer Time),"https://images-eu.ssl-images-amazon.com/images/I/81sj6X59s4L._AC_UL900_SR900,600_.jpg",adidas Men's Essentials Single Jersey Embroidered Small Logo T-Shirt Short Sleeve tee
Tue Apr 02 2024 15:42:29 GMT+0100 (British Summer Time),"https://images-eu.ssl-images-amazon.com/images/I/71Vmg5MRRqL._AC_UL900_SR900,600_.jpg",Teesmen Man Sports T Shirt 5pack Gym Short Sleeve Running Plain Mulit Crew Neck Workout T-Shirt
Tue Apr 02 2024 15:42:29 GMT+0100 (British Summer Time),"https://images-eu.ssl-images-amazon.com/images/I/61MQCBJwvML._AC_UL900_SR900,600_.jpg","Carhartt, Men's, Relaxed Fit Heavyweight Short-Sleeve K87 Pocket T-Shirt"
Tue Apr 02 2024 15:42:29 GMT+0100 (British Summer Time),"https://images-eu.ssl-images-amazon.com/images/I/71jdKMFS0TL._AC_UL900_SR900,600_.jpg",Love My Fashions Men's Round Neck Short Sleeves Plain T-Shirt
Tue Apr 02 2024 15:42:29 GMT+0100 (British Summer Time),"https://images-eu.ssl-images-amazon.com/images/I/71fWAhLm6ZL._AC_UL900_SR900,600_.jpg",Fruit of the Loom 61-038-0 Long-Sleeved T-Shirt
Tue Apr 02 2024 15:42:29 GMT+0100 (British Summer Time),"https://images-eu.ssl-images-amazon.com/images/I/51Kx7p87+BL._AC_UL900_SR900,600_.jpg","JACK & JONES Men's T-Shirt Pack, Short Sleeve Crew Neck Cotton Tee - Multipack Bundle for Casual Wear - Basic Regular Fit Shirts - Comfortable Breathable Fabric - Solid Color Tops - Sizes S to 2XL"
Tue Apr 02 2024 15:42:29 GMT+0100 (British Summer Time),"https://images-eu.ssl-images-amazon.com/images/I/61RicfgPAJL._AC_UL900_SR900,600_.jpg",Fruit of the Loom Men's Super Premium Short Sleeve T-Shirt
Tue Apr 02 2024 15:42:29 GMT+0100 (British Summer Time),"https://images-eu.ssl-images-amazon.com/images/I/515GMvFiBFL._AC_UL900_SR900,600_.jpg",Star and Stripes Plain Black T Shirt 100% Rich Soft Organic Cotton Black T Shirt
Tue Apr 02 2024 15:42:29 GMT+0100 (British Summer Time),"https://images-eu.ssl-images-amazon.com/images/I/91B0tiykleL._AC_UL900_SR900,600_.jpg",RONOMO Men's Fashion Printed Tee Top Casual Print T-Shirt
Tue Apr 02 2024 15:42:29 GMT+0100 (British Summer Time),"https://images-eu.ssl-images-amazon.com/images/I/31tmzkucruL._AC_UL900_SR900,600_.jpg","Fruit of the Loom Men's T-Shirt Valueweight Tee, 3 Pack"
Tue Apr 02 2024 15:42:29 GMT+0100 (British Summer Time),"https://images-eu.ssl-images-amazon.com/images/I/71Kz+o-RMDL._AC_UL900_SR900,600_.jpg",Umbro Mens Training Short Sleeve Marl Poly T-Shirt
Tue Apr 02 2024 15:42:29 GMT+0100 (British Summer Time),"https://images-eu.ssl-images-amazon.com/images/I/71TNc1SG6gL._AC_UL900_SR900,600_.jpg","Bench - Mens Everyday Essentials Multipack Lounge Crew Neck T-Shirt Set - Pack of 3, 5 or 10 Short Sleeve Classic Fit Tees in Assorted Colours"
Tue Apr 02 2024 15:42:29 GMT+0100 (British Summer Time),"https://images-eu.ssl-images-amazon.com/images/I/51faeQWcFpL._AC_UL900_SR900,600_.jpg",Sock Stack Pack of 3 Mens Plain Crew Neck T Shirts Multipack Work Summer Short Sleeve Slim Fit Breathable T-Shirt for Men
Tue Apr 02 2024 15:42:29 GMT+0100 (British Summer Time),"https://images-eu.ssl-images-amazon.com/images/I/41DqyXSH5iL._AC_UL900_SR900,600_.jpg",Fruit of the Loom Men's Valueweight Short Sleeve T-Shirt (Pack of 5)
Tue Apr 02 2024 15:42:29 GMT+0100 (British Summer Time),"https://images-eu.ssl-images-amazon.com/images/I/61tKveUkWEL._AC_UL900_SR900,600_.jpg",Nike Short-Sleeved Top Ss Striped Segment II JSY
Tue Apr 02 2024 15:42:29 GMT+0100 (British Summer Time),"https://images-eu.ssl-images-amazon.com/images/I/51l7WEmJMJL._AC_UL900_SR900,600_.jpg",Levi's Men's Graphic Set-In Neck 2 Short Sleeve T-Shirt
Tue Apr 02 2024 15:42:29 GMT+0100 (British Summer Time),"https://images-eu.ssl-images-amazon.com/images/I/71WT2oAYMdL._AC_UL900_SR900,600_.jpg",Vans Men's Mini Script T-Shirt
Tue Apr 02 2024 15:42:29 GMT+0100 (British Summer Time),"https://images-eu.ssl-images-amazon.com/images/I/61R3sbwW6eL._AC_UL900_SR900,600_.jpg",Pack of 4 Premium Crew Neck T-Shirt XS-3XL Tshirt t Shirt Plain Regular Fit Short Sleeve 100% Cotton 180gsm
Tue Apr 02 2024 15:42:29 GMT+0100 (British Summer Time),"https://images-eu.ssl-images-amazon.com/images/I/51v5brDQozS._AC_UL900_SR900,600_.jpg","Amazon Essentials Men's Crewneck Undershirt, Pack of 6"
Tue Apr 02 2024 15:42:29 GMT+0100 (British Summer Time),"https://images-eu.ssl-images-amazon.com/images/I/71wRFEumdQL._AC_UL900_SR900,600_.jpg",GILDAN Mens Hammer Heavyweight T-Shirt
Tue Apr 02 2024 15:42:29 GMT+0100 (British Summer Time),"https://images-eu.ssl-images-amazon.com/images/I/71e9prbJl9L._AC_UL900_SR900,600_.jpg",Levi's Men's 2-Pack Crewneck Graphic Tee T-Shirt
Tue Apr 02 2024 15:42:29 GMT+0100 (British Summer Time),"https://images-eu.ssl-images-amazon.com/images/I/71KsrTXrNtL._AC_UL900_SR900,600_.jpg",DKNY Men's T-Shirt
Tue Apr 02 2024 15:42:29 GMT+0100 (British Summer Time),"https://images-eu.ssl-images-amazon.com/images/I/61TPpgkcymL._AC_UL900_SR900,600_.jpg",FM London (3/5-Pack) Men's T Shirt - Premium Weight T-Shirts with Lightly Fitted Design - Super Soft T-Shirt Made with 100% Cotton - Stretch Men's T-Shirts for any Occasion - Durable Comfort Fit
Tue Apr 02 2024 15:42:29 GMT+0100 (British Summer Time),"https://images-eu.ssl-images-amazon.com/images/I/71Z6tHzEBnL._AC_UL300_SR300,200_.jpg",Urban Classics Men's Heavy Oversized Tee T-Shirt
Tue Apr 02 2024 15:42:29 GMT+0100 (British Summer Time),"https://images-eu.ssl-images-amazon.com/images/I/717BANpsVAL._AC_UL300_SR300,200_.jpg",Jack & Jones Men's Jjeorganic Basic Tee Ss O-Neck Noos T-Shirt
Tue Apr 02 2024 15:42:29 GMT+0100 (British Summer Time),"https://images-eu.ssl-images-amazon.com/images/I/418s-XpjduL._AC_UL300_SR300,200_.jpg",Fruit of the Loom Men's Super Premium Short Sleeve T-Shirt (Pack of 5)
Tue Apr 02 2024 15:42:29 GMT+0100 (British Summer Time),"https://images-eu.ssl-images-amazon.com/images/I/71m9I8QjcfL._AC_UL300_SR300,200_.jpg","Dead Set Studio Mens 60th Birthday Gift T Shirt - 1964 All Original Parts - Born in 1964, 60th Birthday Gifts for Him, 60th Birthday Gift Idea for Men"
Tue Apr 02 2024 15:42:29 GMT+0100 (British Summer Time),"https://images-eu.ssl-images-amazon.com/images/I/71DKtOpNkUS._AC_UL300_SR300,200_.jpg",Urban Classics Men's Shaped Long Tee Camiseta
Tue Apr 02 2024 15:42:29 GMT+0100 (British Summer Time),"https://images-eu.ssl-images-amazon.com/images/I/41E-2A+AvjL._AC_UL300_SR300,200_.jpg",JACK & JONES Men's Jjecorp Logo Tee Ss Crew Neck Noos Ps T-Shirt
Tue Apr 02 2024 15:42:29 GMT+0100 (British Summer Time),"https://images-eu.ssl-images-amazon.com/images/I/71LSG4178xL._AC_UL300_SR300,200_.jpg",Tommy Hilfiger Men's Tommy Logo Tee T-Shirt
Tue Apr 02 2024 15:42:29 GMT+0100 (British Summer Time),"https://images-eu.ssl-images-amazon.com/images/I/710Lo1IXcPL._AC_UL300_SR300,200_.jpg",Just Cool Mens Performance Plain T-Shirt
Tue Apr 02 2024 15:42:29 GMT+0100 (British Summer Time),"https://images-eu.ssl-images-amazon.com/images/I/61fjABCaJ8L._AC_UL300_SR300,200_.jpg",Fruit of the Loom Men's Original Tee T-Shirt
Tue Apr 02 2024 15:42:29 GMT+0100 (British Summer Time),"https://images-eu.ssl-images-amazon.com/images/I/31UsEa6hvJL._AC_UL300_SR300,200_.jpg",Fruit of the Loom Men's Valueweight Short Sleeve T-Shirt
Tue Apr 02 2024 15:42:29 GMT+0100 (British Summer Time),"https://images-eu.ssl-images-amazon.com/images/I/61GisztOKXL._AC_UL300_SR300,200_.jpg","4sold Create Your Own Custom Personalised Mens Kids T Shirt Any Photo, Any Text, Approx Up to 14"" x 16"" Print Size, White T Shirts"
Tue Apr 02 2024 15:42:29 GMT+0100 (British Summer Time),"https://images-eu.ssl-images-amazon.com/images/I/815Ga1enziL._AC_UL300_SR300,200_.jpg",Build Your Brand Men's T-Shirt Round Neck
Tue Apr 02 2024 15:42:29 GMT+0100 (British Summer Time),"https://images-eu.ssl-images-amazon.com/images/I/71FphccDpAL._AC_UL300_SR300,200_.jpg",Enzo Designer Mens Slim Fit T Shirt Muscle Fit Stretch Tee Gym Crew Neck Short Sleeve Top
Tue Apr 02 2024 15:42:29 GMT+0100 (British Summer Time),"https://images-eu.ssl-images-amazon.com/images/I/51g8ulEXvQL._AC_UL300_SR300,200_.jpg",Mens Long Sleeve Henleys T-Shirts Buttons Placket Plain Cotton Shirts Cotton
Tue Apr 02 2024 15:42:29 GMT+0100 (British Summer Time),"https://images-eu.ssl-images-amazon.com/images/I/71ba-0U9ftL._AC_UL300_SR300,200_.jpg","Fruit of the Loom Men's T-Shirt Original Tee, 5 Pack"
Tue Apr 02 2024 15:42:29 GMT+0100 (British Summer Time),"https://images-eu.ssl-images-amazon.com/images/I/613-97opddL._AC_UL300_SR300,200_.jpg","Fruit of the Loom Men's T-Shirt Iconic Tee, Lightweight Ringspun Tee, 5 Pack"
Tue Apr 02 2024 15:42:29 GMT+0100 (British Summer Time),"https://images-eu.ssl-images-amazon.com/images/I/718hf-rlMML._AC_UL300_SR300,200_.jpg",40th Birthday Gift for Men - Vintage Mens T Shirt Born 1984 Aged to Perfection - 1984 Birthday Gifts for Men
Tue Apr 02 2024 15:42:29 GMT+0100 (British Summer Time),"https://images-eu.ssl-images-amazon.com/images/I/914EqHmZ7RL._AC_UL300_SR300,200_.jpg",Amazon Essentials Men's Regular-Fit Short-Sleeve Poplin Shirt
Tue Apr 02 2024 15:42:29 GMT+0100 (British Summer Time),"https://images-eu.ssl-images-amazon.com/images/I/812K3qK7KUL._AC_UL300_SR300,200_.jpg",Tommy Jeans Men's Original Jersey S/S T-Shirt
Tue Apr 02 2024 15:42:29 GMT+0100 (British Summer Time),"https://images-eu.ssl-images-amazon.com/images/I/71OLg8hB0hL._AC_UL300_SR300,200_.jpg",Fruit Of The Loom Men's Valueweight Long Sleeve Tee
Tue Apr 02 2024 15:42:43 GMT+0100 (British Summer Time),"https://images-eu.ssl-images-amazon.com/images/I/81TiMTUNNWL._AC_UL900_SR900,600_.jpg",MKR Quick Drying Breathable Cooling Short Sleeve Sports T-Shirt with UPF40+ Sun UV Protection
Tue Apr 02 2024 15:42:43 GMT+0100 (British Summer Time),"https://images-eu.ssl-images-amazon.com/images/I/61TH5oM1l9L._AC_UL900_SR900,600_.jpg",Levi's Men's Long-Sleeve Original Housemark Tee T-Shirt
Tue Apr 02 2024 15:42:43 GMT+0100 (British Summer Time),"https://images-eu.ssl-images-amazon.com/images/I/51LS1kyf1hL._AC_UL900_SR900,600_.jpg",adidas Men's T-Shirt (Short Sleeve)
Tue Apr 02 2024 15:42:43 GMT+0100 (British Summer Time),"https://images-eu.ssl-images-amazon.com/images/I/61jgPNowFbL._AC_UL900_SR900,600_.jpg",Weird Fish Fished Organic Cotton T-Shirt Mango
Tue Apr 02 2024 15:42:43 GMT+0100 (British Summer Time),"https://images-eu.ssl-images-amazon.com/images/I/713xPav74mL._AC_UL900_SR900,600_.jpg","Kandor Mens t Shirt – Packs of 5, t Shirts for Men UK Clothing, Multipack Crew Neck t Shirt Tops, Plain 100% Cotton tee Shirts Pack, Quality Gym Work Men’s t-Shirts, Casual Classic tees"
Tue Apr 02 2024 15:42:43 GMT+0100 (British Summer Time),"https://images-eu.ssl-images-amazon.com/images/I/61Wlb2qcbEL._AC_UL900_SR900,600_.jpg","Fruit of the Loom Men's T-Shirt Original V-neck Tee, 5 Pack"
Tue Apr 02 2024 15:42:43 GMT+0100 (British Summer Time),"https://images-eu.ssl-images-amazon.com/images/I/51pefHUWvjL._AC_UL900_SR900,600_.jpg","Personalised T-Shirt UK Any Photo, Any Text Workwear Mens Tshirt Create Your Own Customise Tee"
Tue Apr 02 2024 15:42:43 GMT+0100 (British Summer Time),"https://images-eu.ssl-images-amazon.com/images/I/614pUePuzQL._AC_UL900_SR900,600_.jpg",HUGO BOSS Men's T-Shirt (Pack of 3)
Tue Apr 02 2024 15:42:43 GMT+0100 (British Summer Time),"https://images-eu.ssl-images-amazon.com/images/I/51GusZ0K4FL._AC_UL900_SR900,600_.jpg",NIKE Men's NSW Air Max T-Shirt
Tue Apr 02 2024 15:42:43 GMT+0100 (British Summer Time),"https://images-eu.ssl-images-amazon.com/images/I/61l+06R5E6L._AC_UL900_SR900,600_.jpg",Jack and Jones Mens Curved Hem T-Shirt Plus Size
Tue Apr 02 2024 15:42:43 GMT+0100 (British Summer Time),"https://images-eu.ssl-images-amazon.com/images/I/81gSLAQSa0L._AC_UL900_SR900,600_.jpg","Levi's Men's Big & Tall Original Housemark Tee T-Shirt, Mineral Black, 3XL"
Tue Apr 02 2024 15:42:43 GMT+0100 (British Summer Time),"https://images-eu.ssl-images-amazon.com/images/I/81wvkpNelaL._AC_UL900_SR900,600_.jpg",Russell Europe Mens Classic Heavyweight Ringspun Short Sleeve T-Shirt
Tue Apr 02 2024 15:42:43 GMT+0100 (British Summer Time),"https://images-eu.ssl-images-amazon.com/images/I/71doKaesJYL._AC_UL900_SR900,600_.jpg",GYMTIER Spartan Helmet Hex Camo - Spartan Gym T-Shirt for Men Bodybuilding Weighlifting Strongman Training Top Active Wear Spartan Forged
Tue Apr 02 2024 15:42:43 GMT+0100 (British Summer Time),"https://images-eu.ssl-images-amazon.com/images/I/71o339vSX9L._AC_UL900_SR900,600_.jpg",Amazon Essentials Men's Slim-Fit Long-Sleeve T-Shirt
Tue Apr 02 2024 15:42:43 GMT+0100 (British Summer Time),"https://images-eu.ssl-images-amazon.com/images/I/81UvieUZXjL._AC_UL900_SR900,600_.jpg",Fruit of the Loom Men's Baseball Classic Short Sleeve T-Shirt
Tue Apr 02 2024 15:42:43 GMT+0100 (British Summer Time),"https://images-eu.ssl-images-amazon.com/images/I/51fzcRhVWNL._AC_UL900_SR900,600_.jpg",THE NORTH FACE Men's Men's Easy Short Sleeved T-Shirt (Pack of 1)
Tue Apr 02 2024 15:42:43 GMT+0100 (British Summer Time),"https://images-eu.ssl-images-amazon.com/images/I/71We5ZKabdS._AC_UL900_SR900,600_.jpg",Spiral Men's Diesel Punk T-Shirt
Tue Apr 02 2024 15:42:43 GMT+0100 (British Summer Time),"https://images-eu.ssl-images-amazon.com/images/I/71MePRQWp4L._AC_UL900_SR900,600_.jpg",Charles Wilson 3 Pack Long Sleeved Plain Crew Neck T-Shirt
Tue Apr 02 2024 15:42:43 GMT+0100 (British Summer Time),"https://images-eu.ssl-images-amazon.com/images/I/81AcnGL6rPL._AC_UL900_SR900,600_.jpg",adidas Mens' Essentials T-Shirt
Tue Apr 02 2024 15:42:43 GMT+0100 (British Summer Time),"https://images-eu.ssl-images-amazon.com/images/I/61lUat6E+bL._AC_UL900_SR900,600_.jpg",Fruit Of The Loom Mens Valueweight Crew Neck Long Sleeve T-Shirt
Tue Apr 02 2024 15:42:43 GMT+0100 (British Summer Time),"https://images-eu.ssl-images-amazon.com/images/I/818Uz74BG3L._AC_UL900_SR900,600_.jpg",Amazon Essentials Men's Slim-Fit Long-Sleeve Waffle Henley Shirt
Tue Apr 02 2024 15:42:43 GMT+0100 (British Summer Time),"https://images-eu.ssl-images-amazon.com/images/I/61wgtq513nL._AC_UL900_SR900,600_.jpg","JRC Pack of 3, 4 Mens Long/Short Sleeve Crewneck T-Shirts, Casual Round Neck Tops for Walking, Workout, Running & Casual Outings"
Tue Apr 02 2024 15:42:43 GMT+0100 (British Summer Time),"https://images-eu.ssl-images-amazon.com/images/I/719-NWHElUL._AC_UL900_SR900,600_.jpg",Personalised Text and Image T Shirt Mens Unisex Fit Any Colour or Font Top Tee
Tue Apr 02 2024 15:42:43 GMT+0100 (British Summer Time),"https://images-eu.ssl-images-amazon.com/images/I/41CcE8RIAGL._AC_UL900_SR900,600_.jpg",New Spirit Original Choose Life Unisex T-Shirt Men Women Nerd Funny Geek White
Tue Apr 02 2024 15:42:43 GMT+0100 (British Summer Time),"https://images-eu.ssl-images-amazon.com/images/I/71Ne0qee7QL._AC_UL900_SR900,600_.jpg",Champion Herren Klassisches Grafik T-Shirt
Tue Apr 02 2024 15:42:43 GMT+0100 (British Summer Time),"https://images-eu.ssl-images-amazon.com/images/I/71j13k19VGL._AC_UL900_SR900,600_.jpg",Carhartt Men's Relaxed Fit Heavyweight Short-Sleeve Logo Graphic T-Shirt Work Utility
Tue Apr 02 2024 15:42:43 GMT+0100 (British Summer Time),"https://images-eu.ssl-images-amazon.com/images/I/71vBNdt2ofL._AC_UL900_SR900,600_.jpg",50th Birthday Gift for Men - Vintage Mens T Shirt Born 1974 Aged to Perfection - 1974 Birthday Gifts for Men
Tue Apr 02 2024 15:42:43 GMT+0100 (British Summer Time),"https://images-eu.ssl-images-amazon.com/images/I/71WVggLNGJL._AC_UL900_SR900,600_.jpg",Deep V Neck T Shirt for Men Low Cut Stretch Tee Invisible Vee Top Short Sleeve
Tue Apr 02 2024 15:42:43 GMT+0100 (British Summer Time),"https://images-eu.ssl-images-amazon.com/images/I/71CWt9nQTYL._AC_UL900_SR900,600_.jpg",Urban Classics Men's Basic Tee T-Shirt
Tue Apr 02 2024 15:42:43 GMT+0100 (British Summer Time),"https://images-eu.ssl-images-amazon.com/images/I/61jB+OiO+wL._AC_UL900_SR900,600_.jpg","JACK & JONES Men's T-Shirts Short Sleeve Designer O-Neck Tee Top, Size- S to 2XL"
Tue Apr 02 2024 15:42:55 GMT+0100 (British Summer Time),"https://images-eu.ssl-images-amazon.com/images/I/61Abi075TqL._AC_UL300_SR300,200_.jpg",Levi's Men's Graphic Crewneck Tee T-Shirt
Tue Apr 02 2024 15:42:55 GMT+0100 (British Summer Time),"https://images-eu.ssl-images-amazon.com/images/I/71Ur2MXvxUL._AC_UL300_SR300,200_.jpg",Fruit of the Loom Men's Original Full Cut T-Shirt
Tue Apr 02 2024 15:42:55 GMT+0100 (British Summer Time),"https://images-eu.ssl-images-amazon.com/images/I/51rcPw1TRQL._AC_UL300_SR300,200_.jpg",Iron Mountain Mens Crew Neck Organic Cotton Recycled Polyester Eco Friendly Assorted Workwear T-Shirts (5 Pack)
Tue Apr 02 2024 15:42:55 GMT+0100 (British Summer Time),"https://images-eu.ssl-images-amazon.com/images/I/61KWB7v5MhL._AC_UL300_SR300,200_.jpg",Champion Men's Classic Jersey T-Shirt
Tue Apr 02 2024 15:42:55 GMT+0100 (British Summer Time),"https://images-eu.ssl-images-amazon.com/images/I/91eUUqwHaWL._AC_UL300_SR300,200_.jpg",100% Cotton Army Military Style Crew Neck Short Sleeve T-Shirt - Woodland Camouflage
Tue Apr 02 2024 15:42:55 GMT+0100 (British Summer Time),"https://images-eu.ssl-images-amazon.com/images/I/61KFfnBWLnL._AC_UL300_SR300,200_.jpg",Charles Wilson 2 Pack Crew Neck T-Shirt
Tue Apr 02 2024 15:42:55 GMT+0100 (British Summer Time),"https://images-eu.ssl-images-amazon.com/images/I/71Z6EVVWDeL._AC_UL300_SR300,200_.jpg",AOTORR Men's Henley T-Shirts Summer Short Sleeve Shirts Casual Crew Neck Tee Basic Tops…
Tue Apr 02 2024 15:42:55 GMT+0100 (British Summer Time),"https://images-eu.ssl-images-amazon.com/images/I/71CGoDeIUOL._AC_UL300_SR300,200_.jpg",1964 Vintage Year - Aged to Perfection - 60th Birthday Gift | Present Mens T-Shirt
Tue Apr 02 2024 15:42:55 GMT+0100 (British Summer Time),"https://images-eu.ssl-images-amazon.com/images/I/91dN+gznftL._AC_UL300_SR300,200_.jpg",Urban Classics Men's Shaped Long Tee Camiseta
Tue Apr 02 2024 15:42:55 GMT+0100 (British Summer Time),"https://images-eu.ssl-images-amazon.com/images/I/61Yqhpg-YSL._AC_UL300_SR300,200_.jpg",PUMA Men's Ess Logo Tee T Shirt
Tue Apr 02 2024 15:42:55 GMT+0100 (British Summer Time),"https://images-eu.ssl-images-amazon.com/images/I/71EJ84FAfvL._AC_UL300_SR300,200_.jpg",GANT Mens Original T-Shirt
Tue Apr 02 2024 15:42:55 GMT+0100 (British Summer Time),"https://images-eu.ssl-images-amazon.com/images/I/81SQbo5v4RL._AC_UL300_SR300,200_.jpg",Sailwind Men's Henley Summer Classic Cotton Short/Long Sleeve T-Shirt Casual Shirt Tops for Men
Tue Apr 02 2024 15:42:55 GMT+0100 (British Summer Time),"https://images-eu.ssl-images-amazon.com/images/I/71ebi+L6R2L._AC_UL300_SR300,200_.jpg",THE NORTH FACE Men's Simple Dome T-Shirt
Tue Apr 02 2024 15:42:55 GMT+0100 (British Summer Time),"https://images-eu.ssl-images-amazon.com/images/I/71wh9yW1Z0L._AC_UL300_SR300,200_.jpg",Build Your Brand Men's Shaped Long Tee T-Shirt
Tue Apr 02 2024 15:42:55 GMT+0100 (British Summer Time),"https://images-eu.ssl-images-amazon.com/images/I/71OLg8hB0hL._AC_UL300_SR300,200_.jpg",Fruit of the Loom Mens Original Long Sleeve T-Shirt
Tue Apr 02 2024 15:42:55 GMT+0100 (British Summer Time),"https://images-eu.ssl-images-amazon.com/images/I/81UuZ3g7gGL._AC_UL300_SR300,200_.jpg",Lyle and Scott Men Men's Plain T-Shirt - Cotton
Tue Apr 02 2024 15:42:55 GMT+0100 (British Summer Time),"https://images-eu.ssl-images-amazon.com/images/I/81YcdYBQ2YL._AC_UL300_SR300,200_.jpg",Tommy Hilfiger - Men's T-Shirt - Logo Tape T Shirt For Men - Crew Neck T Shirt Men - Tommy Logo - 100% Cotton Jersey
Tue Apr 02 2024 15:42:55 GMT+0100 (British Summer Time),"https://images-eu.ssl-images-amazon.com/images/I/71CsoNz6KTL._AC_UL300_SR300,200_.jpg",Weird Fish Vortex Eco Graphic T-Shirt White
Tue Apr 02 2024 15:42:55 GMT+0100 (British Summer Time),"https://images-eu.ssl-images-amazon.com/images/I/715K2FAYEnL._AC_UL300_SR300,200_.jpg",Cimic 1/2 Pack Men's Short Henley T-Shirts Casual Lightweight 3 Button Fashion Top Classical Gym Shirt
Tue Apr 02 2024 15:42:55 GMT+0100 (British Summer Time),"https://images-eu.ssl-images-amazon.com/images/I/61wt6FBLpaL._AC_UL300_SR300,200_.jpg",GYMTIER Spartan - Gym T-Shirt for Men Bodybuilding Weighlifting Strongman Training Top Active Wear Spartan Forged
